{
  "max_speed" : 0.007671428571428572,
  "max_force" : 0.005085714285714286,
  "mass" : 1112.0555555555554,
  "cohesion" : {
    "name" : "cohesion",
    "multiplier" : 0.22388059701492533,
    "radius" : 1.0
  },
  "aligment" : {
    "name" : "alignment",
    "multiplier" : 0.37593984962406013,
    "radius" : 0.5
  },
  "separation" : {
    "name" : "separation",
    "multiplier" : 0.2148148148148148,
    "radius" : 0.5
  }
}